Loss,Accuracy
604.4913214296103,0.733125
