Loss,Accuracy
913.6472909748554,0.5622115384615385
