Loss,Accuracy
672.4822545200586,0.6979326923076923
