Loss,Accuracy
546.0201592892408,0.7627403846153846
