Loss,Accuracy
1300.4928308725357,0.4408653846153846
