Loss,Accuracy
1314.9789751768112,0.4283173076923077
