Loss,Accuracy
664.4919423907995,0.7017788461538461
