Loss,Accuracy
649.0558443665504,0.7098557692307692
