Loss,Accuracy
805.0090507864952,0.6514903846153847
