Loss,Accuracy
1645.0505690574646,0.24317307692307694
