Loss,Accuracy
704.588608302176,0.6802884615384616
