Loss,Accuracy
687.9348222911358,0.6840865384615384
