Loss,Accuracy
798.9937927722931,0.6540384615384616
