Loss,Accuracy
1565.7977089881897,0.2685096153846154
