Loss,Accuracy
633.2410127520561,0.7226442307692308
