Loss,Accuracy
626.088393047452,0.7235576923076923
