Loss,Accuracy
893.3433255553246,0.5730288461538462
