Loss,Accuracy
901.0644035339355,0.5712019230769231
