Loss,Accuracy
698.5787408947945,0.6777403846153847
