Loss,Accuracy
363.67376932501793,0.8397596153846154
