Loss,Accuracy
620.3293544575572,0.7224519230769231
