Loss,Accuracy
664.5702234059572,0.6935576923076923
