Loss,Accuracy
1565.7699947357178,0.2578365384615385
