Loss,Accuracy
663.0106472820044,0.7017788461538461
