Loss,Accuracy
619.2870730608702,0.7205288461538462
