Loss,Accuracy
359.76839246973395,0.8398076923076923
