Loss,Accuracy
1529.46596544981,0.29259615384615384
