Loss,Accuracy
973.6542364954948,0.5746634615384615
