Loss,Accuracy
534.3140755854547,0.7685096153846154
