Loss,Accuracy
680.4351657927036,0.6844711538461539
