Loss,Accuracy
1291.4190760850906,0.4469230769230769
