Loss,Accuracy
623.8349518477917,0.7316346153846154
