Loss,Accuracy
981.7140623033047,0.5700961538461539
