Loss,Accuracy
368.58693005889654,0.8350480769230769
