Loss,Accuracy
525.185140568763,0.7573076923076923
