Loss,Accuracy
686.3394014388323,0.6847115384615384
