Loss,Accuracy
485.6599948592484,0.7713461538461538
