Loss,Accuracy
642.6783715188503,0.7130288461538462
