Loss,Accuracy
364.5935572460294,0.8365384615384616
