Loss,Accuracy
807.1552268862724,0.6488942307692308
