Loss,Accuracy
915.8264686465263,0.5637980769230769
