Loss,Accuracy
1579.3721452951431,0.26211538461538464
