Loss,Accuracy
1327.0304359793663,0.42817307692307693
