Loss,Accuracy
951.8907561898232,0.5397115384615384
