Loss,Accuracy
1439.3525710105896,0.3310096153846154
