Loss,Accuracy
620.931547626853,0.7099038461538462
