Loss,Accuracy
418.9128561578691,0.8059615384615385
