Loss,Accuracy
518.7234390117228,0.7652884615384615
