Loss,Accuracy
918.8143261373043,0.5664903846153846
