Loss,Accuracy
630.425284653902,0.7220192307692308
