Loss,Accuracy
587.1440977863967,0.7607692307692308
