Loss,Accuracy
922.0315457582474,0.5609615384615385
