Loss,Accuracy
800.5170866847038,0.650576923076923
