Loss,Accuracy
644.1896036267281,0.708701923076923
