Loss,Accuracy
652.0180989950895,0.7095673076923077
