Loss,Accuracy
597.0502288788557,0.7378846153846154
