Loss,Accuracy
812.3332757651806,0.6454326923076923
