Loss,Accuracy
680.064894720912,0.6917307692307693
