Loss,Accuracy
432.39573019742966,0.8063942307692308
