Loss,Accuracy
974.5709334015846,0.5750480769230769
