Loss,Accuracy
567.9487141147256,0.7688461538461538
