Loss,Accuracy
983.3718973994255,0.5648076923076923
