Loss,Accuracy
927.1371038407087,0.5652403846153846
