Loss,Accuracy
940.6422139108181,0.5452884615384616
