Loss,Accuracy
646.5526167135686,0.7324519230769231
