Loss,Accuracy
687.2026575058699,0.7337019230769231
