Loss,Accuracy
978.164677709341,0.5721153846153846
