Loss,Accuracy
669.1350470036268,0.6932692307692307
