Loss,Accuracy
682.1361181437969,0.6851442307692308
