Loss,Accuracy
1529.0586703419685,0.2948557692307692
