Loss,Accuracy
620.3374439328909,0.72125
