Loss,Accuracy
1601.816680073738,0.27490384615384617
