Loss,Accuracy
676.5207920670509,0.6904326923076923
