Loss,Accuracy
1488.889042019844,0.30706730769230767
