Loss,Accuracy
649.2364308908582,0.7460096153846154
