Loss,Accuracy
366.5506694018841,0.8368269230769231
