Loss,Accuracy
774.77447033301,0.702548076923077
