Loss,Accuracy
909.2431177198887,0.5729326923076923
